iter	Logloss
0	0.627927845
1	0.5821852832
2	0.5422977892

